{"engine_set":[{"type":"eletric","b1_m":19230.76923076923,"b0_m":0,"b1_c":15384.615384615385,"b0_c":0,"min_weight":0,"max_weight":13,"min_power":0,"max_power":250000},{"type":"eletric","b1_m":9914.35881835269,"b0_m":-15865.310024880229,"b1_c":5395.6932236720595,"b0_c":-6690.8225682033053,"min_weight":7.2,"max_weight":40.5,"min_power":52000,"max_power":380000}]}