{"engine_set":[{"type":"eletric","b1":2261.4219135191547,"b0":179666.45673258594,"min_weight":15,"max_weight":200,"min_power":200000,"max_power":640000},{"type":"eletric","b1":1203.6619586324659,"b0":23495.718517515859,"min_weight":0.7,"max_weight":42,"min_power":9800,"max_power":80000}]}