{"engine_set":[{"type":"eletric","b1":2718.3755934942924,"b0":112706.20870795024,"min_weight":5.2,"max_weight":200,"min_power":28000,"max_power":640000}]}