{"engine_set":[{"type":"turboshaft","b1":8279.5387133183231,"b0":-214882.08851984298,"min_weight":62,"max_weight":783,"min_power":186425,"max_power":8.500979E+6}]}