{"engine_set":[{"type":"generator","b1":66.572718348704811,"b0":104443.96704668659,"min_weight":3.025,"max_weight":4002,"min_power":11400,"max_power":448800}]}